pair,left_code,right_code,rows,true_corr,pred_corr,diff
Respiratory Rate vs SpO2,220210,220277,98238,-0.06643641915494926,-0.1157986781747076,-0.04936225901975834
Respiratory Rate vs Magnesium,220210,220635,6728,-0.010805728564272253,-0.0074986518207390135,0.0033070767435332393
SpO2 vs Magnesium,220277,220635,6665,-0.03934634877517134,-0.010265468247321531,0.02908088052784981
