pair,left_code,right_code,rows,true_corr,pred_corr,diff
Respiratory Rate vs SpO2,220210,220277,98238,-0.06643641915494926,-0.15789165404431632,-0.09145523488936706
Respiratory Rate vs Magnesium,220210,220635,6728,-0.010805728564272253,0.022071585128282688,0.03287731369255494
SpO2 vs Magnesium,220277,220635,6665,-0.03934634877517134,-0.026023989189266742,0.013322359585904598
